{
  "project_info": {
    "project_number": "593866177068",
    "project_id": "projetobanco-2f053",
    "storage_bucket": "projetobanco-2f053.firebasestorage.app"
  },
  "client": [
    {
      "client_info": {
        "mobilesdk_app_id": "1:593866177068:android:7c7cda23e10b17f4d3af89",
        "android_client_info": {
          "package_name": "com.example.java"
        }
      },
      "oauth_client": [],
      "api_key": [
        {
          "current_key": "AIzaSyAHBiDzfOPW8ZhSayC8Z8yPLmHd3GgSUzs"
        }
      ],
      "services": {
        "appinvite_service": {
          "other_platform_oauth_client": []
        }
      }
    }
  ],
  "configuration_version": "1"
}